lead_researcher,sotu,nickname,indexRun_scientific_name,index_palmprint_seq
Abby S,u138493,satelliteSugarloaf,Golovinomyces cichoracearum,HSLDLTAATDRFPISFQEKVLSFLVESKYATAWRALMVALPYYSTESKE*YYYKAGQPMGAYSSWAVFALSHHIVVQSAAWETKQTEEFGHFADYALLGDDIVI
Aiman S,u304229,bombproofSteel,Bos taurus,ISFDYSKYDSTIPSWLLAKAFEILKACFQESEYDALWELVVNDFIHKNIVTGNSVIHVDHGNPSGSRFTALVNGVCNELITETWMHKFGISGDYMIMGDDNLV
Ak K,u89852,unusedLacteal,Amanita muscaria var. guessowii,IMLDKSRFDKYYYFSIQDDIDEMFYTFIDFDHGYLPTHVYPTERQWSQTKADRLRRLYRYLCYSFRNTPTATPDGKLYRRRFAGMPSGIYNVQIYDTVYFAITDTCVLLHMGYQLEQILLRKGQGDDIIT
Anzar A,u979394,tutorialProbable,Anastrepha fraterculus,YSLGFSNFDKTVPAWLIEVAFDIMKRNFNYRAYQEYGVANGQQMRKMIDRIRDYFIHTTVRMSNGKRYKKDCGIPNGSYFAQLVGSIVNCILTYYALFVTNHRTFRDAVFLGDKSFF
Artem B,u173508,colorfastCornea,Ovis aries,VNGDYRASTDELHSWVSETIADELKNIWQRKDDKGNFYPDELHQMLLESLTGHIFEKRDGTFVDQARGQLMGSVTSFPFLCIANAAMCRLSIEMDQCKSLLLRDCPLKVNGDDCVL
Artem G,u94359,churchlyGingerol,Cannabis sativa,YSVDLSKATDRFPISLISFTLEGLFDPHYVHHWKNLMVGYPFSTVGGPVVYNCGNPMGAYSSWSAFAVAHHFVVFVACQRSGVKWSSARYVLLGDDILI
Aruzhan B,u186402,indrawnMob,Bos taurus,VELDYSSFDSTIPTFLILKAFNILATWFDFSPEEYKEWRLIEYYFTHTPIVMPDGNLYRGKNHGVPSGSLFTNLIDSIVNYIILVAIMERFNLNFHSKKVFVCGDDSIF
Brian X,u49466,parentalCadaver,Artemisia,TSIDWSQFDSTANRFEIETAFQLLKEKVNFPDFETEMCFEFCKQLFMHKKIAAPDGMIYMSHKGIPSGSYYTTLVGSIINRLRIEYLWRVKFGRGPGVCYVLGDDSLI
Christina Z,u887317,foolishCentaur,Culex pipiens,SLDLTAATDRFPIEIQKIVLATLVGNEKYADS*ASILTSHPFYVP*NDTEVKYNTGQPMGAYSS*AVFALTHHVIVRVAAMRVGLSYFTNYALLGDDIVI
Christine C,u871064,hilariousCaress,Apis cerana,LGYDFTNYDSSVPAWLIKKCFQIIRDLLDFSRYAQKGKPYKQTSLDRLFAFLVEYFIKTPFVLPGDTTMRRRKYHGVPSGSLFTNLIDTISSHFVLRYLHYTKNCRPLIMTYGDDGHS
Clara W,u280756,bifurcateVagus,Trypanosoma brucei brucei,GTPDWVEDYILKMFSPIDLLLPCGTKITTKRGIHMGTPLSFLTLCLLHRFAVERSGNRNFPHIIRGDDLIG
David A,u846673,solvedKylix,Digitatispora marina,YSFDLSSATDRLPVNFQVQLMSLWMGDDYAKA*RSILVNRDWFLGGNPYRYEVGQPMGAYSS*AMLALTHHFIVQFAAMRAGRKGWFPHYAVLGDDIVI
Dingjiu T,u183036,idiomaticVroom,Bos taurus,LMLDYADFNSQHTLESQKIVVEECLRLCQNVESEYAQTLLASFDNMHLYIQGRKIGKVEGTLMSGHRGTSFINSVLNAAYLRYSVGEDEYQRLRSLHVGDDVLI
Edmund W,u391208,dyspepticConsole,Hydra vulgaris,VIRGVLEGARAPQWMISLSLRAVGPHLVIDPEESWVTTRAALMGNPLTWPILNLVLDWCHSMSGTRGFYAINGDDYLG
Eileen L,u341235,nordicBifocals,Neodon fuscus,VGLDYDSFNEQHNIEDIQTVIYAFRDSFIHMFSQDQLDMIEICINNLNHIRCNYRQIEMSAEVTSTLMSGMRWTTFINSMLNAAYFKLAARGTSCVAKVCGDDSLV
Emilie H,u177804,lacticEndolymph,Homo sapiens,LSTDLEEATDWGNKGIARQFWHALICAANSPGFPLGLAILAKTKYCGKRFCFVPNSSNEFELVIGHRGWLMGDMMTKVILTLAHQYCCVQSGLRVYSLVGDDEIA
Esther C,u416140,goodishCode,Homo sapiens,MMGVPQEDIQMVEFFWLGHKRLFVKGKFVGTMVNGIPMGDPLTKTCMSLAHAIAHLYAVYKVGAFGRNEGNGDDLTL
Eun C,u55193,wonLarva,Gallus gallus,AQIDFSSFDATVHNTLIHLAFGVVRSLFEMSKDEKIMFDQLRYYFVNTPLCFYNQVIVKERGIPSGSAFTQLIGSIVNMIACTYASEMSREFSLRHEFSCWLGDDSFL
Flavia T,u912527,cussedSatiation,Homo sapiens,FSADISGFDASIPWWVLIDVFKIIRSAFDDETFDEPLWQAVVNDFIYKTIVDPHGNFVWVENGVPSGSMFTSIGDSIANLLMFETVVETLDLGPHHTNVMGDDNLT
Francesca M,u85566,grumblingFarthing,Artemia sinica,SMLDYADFNYQHTLSAMHVLFDAVLQCITKLVPDNVDAIEAARWLRDAQINQWVRFPNEDEWVQVTQGMFSGVRTTNFTNTLLNLAYYNVAKAYVMKMHGLGPIDEYHLHQGDDVWV
Gretl B,u53939,molarBornite,Amanita pantherina,LSADWSQFDRRALFSVIDDIHDVWHSFFDWTGSYQPTNFYPDASTKPEKLQNLWDWFTYNVKHYPIALPNGDLYQWTRNGIASGYQETQLLDSWVNGVMLLTCLSQLGVDIEHKHFFFKLQGDDSIV
Howard C,u141623,sheathedVotary,Bos taurus,YSIDMKSYDSSLPSVLIKEAFKILLTWFDETQVLWVREKPVTVRDLWSKVVKYFIGTPIIMPDCRIYYGKQHGVPSGSYFTQVIDSVVNVMLCGALSSKLGLGVTADRLLVLGDDLVF
Ibrahim M,u59814,ninetySlopshop,Homo sapiens,AVESMKAVIDAWIEVYNSQLTEEQVEAALWTRNSVNEMYVVNNITGDTYRAKGTLFSGWRLTSFINTALNYVYLDLARMKELCYKSIHNGDDVFA
Ismail M,u187988,baldingMedallion,Zygosaccharomyces bailii,VSSDMKSASDLIPLSVASAIVDGLEASGCLLPVEVAGLRICTGPQHLVYPDGSEITSTRGILMGLPTTWALLNLMHIWCWDSASRLYRTEMQSLGISMKVNAKVCGDDLIG
Jahin K,u217371,stenosedHemostat,Capra hircus,VSGDYSGATDGVDIRMTALVFEEMLKHSKYSEDFKSILRRVIYQQQLHYPEVTLKIPERRKVRSRNHFKPVRYVEKKVQVPSVRQRNGQLMGSTLSFPILCIINLVAYWYALETYLGQQVDLEDLPVRINGDDILF
Jared S,u264411,downstageLiar,Eimeria stiedai,WSLDLSSATDRFPISLQRRVLERVYSSQVFANS*ELLLQKEFLTPEGGLVKYNTGQPMGSYSS*AVFTLCHHLVVQYCAKLCGYKEFSFNQYIILGDDIVI
Jay D,u148308,brightThumbnail,Mus musculus,FCYDYDDFNSQHSVSSMQAVIDAWAAVYGDQLTEEQLDSLAWTKQSIANQKVYFNEVKRTVRVNGTLLSGWRLTSFINTVLNRVYLEEAGLLENVEYAVHNGDDMYA
Jeremy C,u188789,mercurialDisguise,Apis mellifera,ASADYSNFDSTVPSRIIRDAFRIIRSWFDFSRYNGGAIPYSTTSLERLWAFLVEYFIYTPHLLPDSTDTIRVKYHGVPSGSMFTNVVDTICSRIITTYLHRVNHCKASVTTYGDDVHF
Jialu F,u185032,fernlikeAmrinone,Ovis aries,LMLDYADFNSQHTLTSQRIVIEECLGLCRGVEQDYKDQLLKSFDNMYIYIQGKRIGRASGTLMSGHRCTSFINSVLNAAYLRYSVGESEYQRLRSLHVGDDVLV
Jiayi M,u133191,goryChocolate,Agaricus bisporus,YSLDLSSATDRLPIELQKWILSSIFGEEFAQNWENLLVSRKYKLPRVNQGVKYSVGQPMGALSSWAMLAVTHHFIVQSVAWLTKVTRPNEIFRDYAVLGDDIII
Jierui W,u942153,beastlyBit,Kickxella alabastrina,ISCDVSRFDTRCTAALVSKAFDVFASAFTMTPEERRHLAWHKRQFINTHVVLPNGQVYECLNGVATGSAFTSIIGSICNIIVLYHAMADIMPATDFDILVYGDDGLI
Joseph D,u235770,unsavoryHelmsman,Golovinomyces cichoracearum,HSLDLKAATDRMPINFQQRVLSLIVGGELASV*KSILVDYPFRSDSTSVKYEVGQPMGAYSS*PAMALTHHVIVRIAARRLGINNFKNYCILGDDIVI
Katherine L,u69018,opposedTaproot,Homo sapiens,LCFDYDDFNSQHSIPSMQAVLTAWRDVFSGALTAEQIESIEWTIDSVNDMSVKYNELDKLVNINGTLMSGWRLTSFMNTVLNRVYLVHAGLDNAVIYALHNGDDMFA
Keegan L,u291377,apogeanRazbliuto,Bos taurus,YGMDFSKFDASVSTKLIGLAFDVIRTWFDEEYHGEIAQLENYFIFTPIIMPDGYVYMKQRGVPSGSYFTQLVDSIVNYFAIQYAALRVRNSHFTRVMILGDDSVV
Khushi K,u145189,hitlessKnapweed,Bos grunniens,LMLDYADFNSQHSLESQKTVIRCLLQRVEGFSVEEGNLLVDSFDKTYIYKDNKLLGRCKGTLMSGHRGTSFINSILNAAYLIISMGIEHFQRYHSFHVGDDVLC
Mark L,u407898,celestialMantrap,Cannabis sativa,HSNSTMSILFEELCDIYNAPPWYKTKLSDSFEDMWLTVDGVRRRVLGTMMSGHRGTAFINSVLNAAYIRAAVGGSYFDKLLSLHVGDDVYI
Mark M,u643792,unrevivedLambskin,Culex pipiens,CMDLSSATDRFPVKLQEMILSLLTSPSIAQA*KDIMVKLPFSHGGKEYYYNAGQPMGAYSS*AMFALSHHVIVQYAASEAGIKTFFKDYALLGDDIVI
Megan D,u409791,axialMooring,Bos taurus,LSGDYESATDNLNMDIMGLFIEELKKVVPPIYHSWLDWEGGPHKITYPKESHLSPILQTRGQLMGSLLSFPILCVANAATIGIVKKQNLEELQALINGDDILF
Merrilyn C,u52869,affixedSpareribs,Penicillium roqueforti,YSTDWTNATNAPTHEMGKRVVLPLLKKMGVPDEDIRMIEFYWLSPKTLYIRGKPVGTMVNGIPMGDPLTKTCLSLAHPICDLYARIKTGALAIEEGNGDDTIV
Mohammad D,u127045,bountiedInkling,Homo sapiens,MDKKTGLQTAKMVGTLPSGHRATTFVNTILNAAYCLYASESGMAGLDGYHCGDDVIV
Muneer J,u151195,convexSoleus,Homo sapiens,FCYDYDDFNSQHSISSMQAVIDAWASVYGRDLTSDQLDSLAWTKASIAKQTVFFSDIRETHRVNGTLLSGWRLTSFINTVLNRVYLEEAGLLEHVEYAVHNGDDMYA
Neyo T,u231306,preparedCatalepsy,Artemia franciscana,ENINFDYEPETQLTWEYSKYFFITTPVVMPDGHMWLKRLGVPSGSYFTQLIDSIINHILVNYIQLKTYGQTFPTWVLGDDSLF
Nour H,u210791,objectiveWrasse,Clarireedia homoeocarpa,YSLDLSSATDRFPIVLQKKLLSYIYKNKEFCEHWASLLTSRGYDSKVGLLHYEVGQPMGAYSS*AAFTITHHLVVA*SAHLCGLNNFNQYIILGDDIVI
Owen L,u204296,antimonicPill,Diaporthe gulyae,YSFDLSAATDRLPLILQVRILDYLSPRLGSY*AQLLVDRPYSLKDKNLKLDT*VRYTTGQPMGALSSWAMLALTHHICVQYAAFKVYGVRFWFQNYCILGDDIVI
Rayna M,u184350,trackedRescuer,Trypanosoma brucei brucei,VSADLSNATDYIPHAYAQSVWAGIVDGLNGSPEWVEEYIAKMFSPVDLEMPDGVTITTKRGIHMGTPLSFLTLCLLHRFAVERSGNRNHPHIIRGDDLIG
Robinson M,u47469,apocrineSheepskin,Metschnikowia reukaufii,GTLMSGWRLTSFVNTVLNRVYLQSAGLIEHSVYSLHNGDDMYA
Roxanne H,u130682,agnosticChichipe,Gallus gallus,ISSDLTAATDLLPRSVAVALADGLEASGRLTPLEVMGLRAGVADTRISTDVAGAEEFVSSRGILMGFPTTWSLLCIYHGWAWEHAVDFQRGCRVEGEPRSRPRCRARICGDDLIG
Ryan F,u281387,lidlessMention,Triticum aestivum,YSADLTKATDGFSHSAIRAVGNGLLKVGFPQVVVDYFLDTLGVGVPHLAEYRVSDFLDGHKKNTKKYNLACSYLMSKGWDGFSPSLKVPMLRGSPMGTPCSFTLLCILNLWSLDRAQNGPKICGDDMLA
Sabrina X,u157028,neededEditor,Saccharomyces cerevisiae,LSSDLKEATDAIPKKVSEMLLKGFRDGLGITSPLVDVAIELATSNRLFTPPDDIPYLGIRGIPMGEPMAKVVLTLLNLSVEEISIHKYLGIDITRPIAVPWRAYAIGGDDHIA
Sophia L,u284571,pockedIsotropy,Ovis aries,LMLDYADFNSQHSIESQQNVIRCLLRRVEGFSEDEGAVLLDSFNKTYIYKERKLVGKSTGTLMSGHRATSFINSVLNAAYLIVVMGREHFHRFHSFHVGDDVLC
Vicky T,u715774,assistedHeadset,Aspergillus niger,RIVMSSNTDSNSLRPVDHEILEHFEQELSLLGEEPVLTDTAILMGDPGCKGVLTLHNLVAEEEAALELKLGREVQLSDLQRSNPVTFPWRHFSCAGDDHTA
Victoria P,u156961,hideboundStele,Bat paramyxovirus,FVTDVSKLDTSIGPDYIQWAFEFLESFFFMGMTRSASTRNSNVFNFIRYYFERTPILLPSGQLLRKYGGVPSGSGFTQIVDTLVTILTTVINMFQMGYDEGDIKGKIFVVGDDMAT
Wendy W,u170297,xericCapuchin,Homo sapiens,FSNDYEKYDSTVPAALIRLAFDIIKECFAPEYHRYIDFICTKFIHADIMMPDGNIYHVDRGIKSGSYFTQIIGSLCNAIMVFAFMLHKYDKIEEQRAERNPNYYKFKMEDCFKLNDGRWACQFMGDDNLF
Wesley C,u281625,uniqueInquirer,Varroa destructor,VSCDMKSASDLIPLDVASAIVDGLEASGKLLPPEIQGLRLGTCPQLLKYPDGEEILTQRGILMGLPTTWVLLNIMHLWCWDDAVSQGKTNPFLTFKASSAVCGDDLIG
Will L,u102884,huffySleep,Bemisia tabaci,VGLDIKAFDSSLQPWLMNAAFDILEDNIDFTGYYDWLSFQYSREHFTRRPVVMPDGRMWLKQLGLPSGSYFTQLVGSISNHIGISYAQLKIYRRFFRTWVLGDDSLF
Xiaofeng L,u92078,acanthoidParole,Homo sapiens,QVFIKEWITTYFKKTKIMMPDGSIYQKTHGLPSGTYFTQAIGSIVNYLVVMTLNYYFGWNAQRVKVLGDDSSF
Yein C,u611819,leftmostGangsaw,Gorilla gorilla gorilla,YCESLPTILLLLRFADD*KFSSSASSR*SSFCNRSPVGLLRSLACFRINSPLVIWFVAAQVYPGVPFTRYAILGDDIVI
Zheng T,u217023,cleansingTermite,Gallus gallus,LMLDYSDFNSQHSNEAMRIVIEETLAVCNYREDWLAKKLIDSVENMHIYVGGKYLGRVAGSLMSGHRATTYWNSVLNAAYVRYAIGEADYNTVTPFHVGDDVLI
Zoe K,u73146,bromicKaraoke,Bos taurus,VCLDFSKFDSTISKTLIYQAFRILATWFLPCTRELLGWDTIVKYFVFTPIVMPDGHLYTGKNHGVPSGSYFTQMIDSIVNVILMYALEYGCGMHFDERSLYVLGDDVIV
zz_unassigned_spare,u194695,medusoidYolk,Hemileia vastatrix,HSLDLKAATDRFPRRLQAKLLANAIDPEYAIA*LDIIEREFHLWNGGKAS*NVGQPIGFLSS*AVFTLTHHFVIYVAHRKAKVPIFNRTYVILGDDIVI
zz_unassigned_spare,u201288,uncutTrapper,Diaporthe gulyae,YSYDLSAATDRLPLILQKDVLSLIVGSRVASL*ASLLGDRD*YLSDTNEHYRYAVGQPMGALSS*GMLALTHHVIVQVAANRAGFDKTFTDYAILGDDVVI
zz_unassigned_spare,u217309,vowellikeAviator,Ixodes ricinus,EDEVAVICRELRAELGDLEVEVLGEKLKYEKGLLSGWRVTSLFGSMVSALCCELYVANAQSRGVSRDSIGYLTQGDDVIL
zz_unassigned_spare,u78685,unamendedTrailing,Sarbecovirus,AAIDGKNFDHHVARWFIDAVLDHLATANQDAYEVVQQEKQHLDNLHISMDNKTWKYQNGVLSGWRLTSLLDTLATEVVVRAFLKTTDYRGAFMTGTMGDDLII
zz_unassigned_spare,u141271,algidGaddi,Culex tritaeniorhynchus,SFGHFLTQEQLAAVEWTRLSLDRVIVHDNQGLKMEYSAKGTLLSGWRLTTFMNSVLNYIYTQLVVPDVVQSQNSLHNGDDVLL
zz_unassigned_spare,u450123,salvificOrthopnea,Cannabis sativa,YGYDLSAATDRLPISIQVSILAGLFEAIGVKPGDSLRLAGLWKDILTKRDFYVPKPPKGTVVPEDTPSHVSYEVGQPMGALSSFNMLAITHHLIMQYVAQSVGIVRGNKWCDAYEITGDDIVI
zz_unassigned_spare,u51000,gluedFester,Lepeophtheirus salmonis,TMMDYADFNIQHTLEIQANVFEAMIVSKHGRNVHPDRIKAMLWCAKAIRNSRCRFPQDMGQESVVVQGLFSGARGTDFLNTLLNLAYFRACSKIVSSHFGLRSVKLYNIHKGDDVWI
zz_unassigned_spare,u329825,windyReform,Aspergillus hiratsukae,VSADLTKATDGLYQDAIKEVIHSLCEAGVIRKNDVEFALAGLGVATPHIWSSKYTEDFLWRRGSPMGTPLSFVVLSWISAWAAQAFDCARVRGDDCVG
zz_unassigned_spare,u170895,secureAlopecia,Brevipalpus yothersi,VATDFKSFDKTVPEFLIEAAFNILMSNIDFEHYHESDIVPDAREMVLMFRYLVKYFIYTPIRFSNGERYRKKGGIASGSMFTQLVGSIVNFILIHWASLRQKGRPRYIKVFGDDSIC
zz_unassigned_spare,u249886,rapaciousCurrency,Sus scrofa domesticus,GSVDLHQATDHLPFEWMLSIWENLFEGRVSQMVGESWTLFCHVSKGAWLNEGYRDVWTVGQPLGALPSFRCLGLTHNLLLESLCFCLGLGHSPYTILGDDVVI
zz_unassigned_spare,u239290,desirablePotential,Apis mellifera,VGLDFSGFDATVPKLLIYKAFDILKTWFRPMTEEELLSWKRIVWYFINTPILMPDGYVYQKHTGVPSGSFFTQMIDSIVNFIVVEYIHYKSVNQFTRIDNILVLGDDSLC
zz_unassigned_spare,u944468,overhandChlorate,Geosiphon pyriformis,AILLGLPSQAVEDFSELSGRPYRVPESASILADRDRCISWNRGQPLGVYPSFNMYALAHHAIVRGIFKRLKRPPLYALLGDDIAI
zz_unassigned_spare,u224880,northernBryony,Jimgerdemannia flammicorona,FCYDLSSATDMIPTLVYRSILSPVIGLEMANLWLSILVDRNFRFNVSKRNTFEGSNCVRYTRGQPMGALSSWASLALGHHYLVFVAAMSTGNFTHNE*DIFTKYLVLGDDIVI
zz_unassigned_spare,u247182,durableRough,Trichoderma harzianum,FSFDLSAATDRLPLALQKQILTIAVSYEFAEA*GTVLTGRSYHLFYKKQNYDLTYSVGQPMGALSS*GMLALTHHVIVQIAASRSGRSELFLDYALLGDDICI
zz_unassigned_spare,u168191,aerobicPesthole,Mus musculus,VSVDYRNATDNIRADYCQDAIQCLIDRADGLSEIQINCLRVVGSLDFGDPRGIATRGQPMGSLISFPLLCIINKTTVDLALRKQVDMGLMSEKQFSGHRCLINGDDLLF
zz_unassigned_spare,u222773,hurryingBindweed,Apis cerana,HSLDLSAATDRFPVHLQQKLLSYIYDRETADA*KCILVNRQYAFEGKSYRYSVGQPMGAYSS*AAFTMTHHLVVHWSAYLCGITDFKDYILLGDDIVI
zz_unassigned_spare,u172960,mortalBludgeon,Cannabis sativa subsp. indica,MMTDWSKFDKSIPPWLIRDAFSLLAELIDFDHVVDSEGLQWHVRGYRSKARWKKIVDYFVETPVRTCKGERFLVRSGVPSGSCFTNVIDTIINCIVTRYISYNTVGSFPLGEMYLGDDGVC
zz_unassigned_spare,u802806,afferentMatzo,Apis mellifera,VSCDMKSASDLIPLDVASAIVDGLEASGRLLPPEIQGLRLGTSPQLLRYPDGEEVLTSRGILMGLPTTWALLNIMHLWCWDDAISRGKTRPFYTFKAAAAVCGDDLIG
zz_unassigned_spare,u624376,impatientBoost,Blattella germanica,LTSDLETATDYCDHAVASALLRGFVEGVGFYKNHPYIELAIKLLCSPRKVMPEGTVSSRGVLMGDPGCKSVLTLFNLVAEEEAYLRYTYKIPDSAYVIEYLSMPPITTPWRHFACAGDDHAA
zz_unassigned_spare,u297838,sharedTempura,Homo sapiens,HSGDYSAATDELYSWASEACLNTLIGIWEKQCGHTLSHLKELMLRALTKHLYEKPMRGKGGKVKIGPKEELEYLEQKRGQLMGSIISFVFLCLINAALMRTSYEQAHYTTVTLKKLPVVVNGDDCLT